{
  "itemList" : [ {
    "type" : "Compulsory.Book",
    "id" : "knuth67",
    "path" : "C:\\Users\\OneDrive\\Desktop\\text.txt",
    "title" : "The Art of Computer Programming",
    "author" : "Donald E. Knuth",
    "year" : 1967,
    "type" : "book"
  }, {
    "type" : "Compulsory.Article",
    "id" : "java17",
    "path" : "https://docs.oracle.com/javase/specs/jls/se17/html/index.html",
    "title" : "The Java Language Specification",
    "author" : "James Gosling & others",
    "year" : 2021
  } ]
}